username,password,email,expected
john123,Pass123$,john@example.com,true
,pass123,john@example.com,false
alice,short,alice@mail.com,false
bob123,password,bobmail.com,false
carol,password,carol@domain.com,false
david,PassWord$,david@mail.com,false
emma,Pass1234,emma@mail.com,false
frank,Pass123$,,false
george,Pass123$,george@mail,false
john123,Pass999$,john@newmail.com,false
hannah,Pass123$,john@example.com,false
a,Pass123$,a@example.com,false